stnId,stnNm,tm,avgTa,minTa,minTaHrmt,maxTa,maxTaHrmt,mi10MaxRn,mi10MaxRnHrmt,hr1MaxRn,hr1MaxRnHrmt,sumRnDur,sumRn,maxInsWs,maxInsWsWd,maxInsWsHrmt,maxWs,maxWsWd,maxWsHrmt,avgWs,hr24SumRws,maxWd,avgTd,minRhm,minRhmHrmt,avgRhm,avgPv,avgPa,maxPs,maxPsHrmt,minPs,minPsHrmt,avgPs,ssDur,sumSsHr,hr1MaxIcsrHrmt,hr1MaxIcsr,sumGsr,ddMefs,ddMefsHrmt,ddMes,ddMesHrmt,sumDpthFhsc,avgTca,avgLmac,avgTs,minTg,avgCm5Te,avgCm10Te,avgCm20Te,avgCm30Te,avgM05Te,avgM10Te,avgM15Te,avgM30Te,avgM50Te,sumLrgEv,sumSmlEv,n99Rn,iscs,sumFogDur
108,서울,2023-05-01,14.6,9.8,0558,20.8,1623,,,,,,,9.9,250,1224,5.2,270,1338,2.5,2184,270,4.8,27,1652,57.0,8.8,1006.7,1021.0,2354,1011.5,0001,1016.8,13.7,11.4,1100,3.45,26.8,,,,,,3.0,2.6,18.2,3.2,16.0,15.5,14.9,14.8,14.9,13.6,13.5,12.1,13.7,5.2,7.4,,{박무}0055-{박무}{강도0}0300-{박무}{강도0}0600-0735. {햇무리}0950-1015.,
108,서울,2023-05-02,16.7,9.1,0523,23.7,1552,,,,,,,6.5,320,2024,3.8,230,1628,2.1,1787,70,2.4,21,1402,40.5,7.3,1011.7,1023.8,0943,1020.1,1934,1021.8,13.8,8.2,1200,3.16,21.58,,,,,,6.6,0.0,16.8,2.7,16.2,15.8,15.2,15.1,15.3,13.7,13.5,12.1,13.7,4.7,6.7,,{햇무리}1050-1245.,
108,서울,2023-05-03,19.5,12.4,0626,26.2,1509,,,,,,,9.0,250,1429,4.9,290,1719,2.1,1797,290,8.6,23,1407,52.5,11.6,1010.1,1022.2,0001,1017.7,1630,1020.1,13.8,10.4,1200,3.45,26.2,,,,,,4.5,1.9,22.6,5.7,17.8,17.1,16.2,15.8,15.6,13.8,13.6,12.1,13.7,5.1,7.3,,{햇무리}1150-1230.,
108,서울,2023-05-04,21.4,15.6,0547,25.8,1435,,,,,,,7.5,110,2157,4.2,140,2216,2.1,1797,110,14.3,50,1419,65.5,16.3,1002.5,1019.4,0002,1007.4,2339,1012.4,13.8,2.5,1200,2.87,16.89,,,,,,7.9,4.6,22.2,10.2,19.2,18.7,17.6,17.0,16.4,14.0,13.7,12.2,13.7,3.2,4.5,5.3,,
108,서울,2023-05-05,18.4,15.5,2358,21.6,0001,3.7,1539,9.3,1538,22.67,30.2,10.4,180,1502,5.5,50,2329,2.5,2186,50,17.6,61,0004,95.3,20.2,992.0,1007.5,0001,999.5,1540,1001.8,13.9,0.0,1300,0.24,1.74,,,,,,10.0,8.0,18.5,15.3,18.9,18.6,18.0,17.6,17.1,14.3,13.8,12.2,13.7,0.5,0.7,58.0,{비}0015-0250. {비}0335-{비}{강도0}0600-{비}{강도0}0900-1130. {박무}0935-1035. {비}1150-{비}{강도0}1200-{비}{강도0}1500-{비}{강도0}1800-{비}{강도0}2100-{비}{강도0}2400- {박무}1255-{박무}{강도1}1500-{박무}{강도1}1800-{박무}{강도1}2100-{박무}{강도0}2400-,
108,서울,2023-05-06,12.6,11.7,0838,15.5,0001,2.4,251,9.3,230,16.42,47.5,15.9,50,0737,8.6,50,0745,5.4,4679,70,10.0,56,2337,85.6,12.5,996.3,1011.0,2151,1000.7,0317,1006.5,13.9,0.0,1600,0.88,5.42,,,,,,9.3,7.8,13.2,10.2,16.0,16.0,16.2,16.6,17.2,14.6,13.9,12.3,13.7,1.7,2.4,14.4,-{박무}-0020. {박무}0220-{박무}{강도2}0300-{박무}{강도0}0600-{박무}{강도1}0900-1155. {비}{강도1}0300-{비}{강도1}0600-{비}{강도1}0900-{비}{강도1}1200-{비}{강도0}1500-1625.,
108,서울,2023-05-07,14.4,11.1,2327,18.6,1635,,,,,,,9.1,110,0111,4.8,50,0012,2.6,2252,70,3.0,36,1658,47.1,7.6,1002.3,1014.9,2352,1010.9,0001,1012.5,13.9,2.2,1600,1.56,12.18,,,,,,7.1,5.1,13.9,3.5,15.5,15.2,15.0,15.4,16.2,15.1,14.6,12.4,13.7,2.9,4.2,,,
108,서울,2023-05-08,15.3,7.9,0547,22.0,1340,,,,,,,8.1,250,1636,4.8,270,1639,2.2,1934,270,5.7,31,1342,55.3,9.2,1006.0,1017.5,2308,1014.9,0001,1016.2,14.0,12.7,1200,3.62,28.55,,,,,,2.4,0.0,18.1,2.5,16.1,15.7,15.2,15.3,15.8,15.0,14.7,12.5,13.7,5.4,7.7,,,
108,서울,2023-05-09,17.0,10.0,0550,24.4,1500,,,,,,,9.8,250,1631,5.1,250,1639,2.3,1974,270,7.3,31,1433,55.4,10.2,1005.8,1018.0,0651,1013.3,1617,1015.9,14.0,12.8,1200,3.48,28.29,,,,,,0.9,0.0,20.5,4.0,17.3,16.8,16.2,16.1,16.1,14.9,14.7,12.5,13.7,5.6,8.0,,,
108,서울,2023-05-10,18.4,10.7,0551,26.0,1546,,,,,,,5.8,250,1426,3.7,270,1439,1.8,1512,290,7.8,25,1647,53.3,10.6,1006.2,1017.9,0816,1014.3,1622,1016.3,14.0,12.7,1200,3.23,25.58,,,,,,2.5,0.0,21.3,4.0,18.1,17.7,17.0,16.7,16.6,14.9,14.7,12.5,13.7,5.3,7.6,,{박무}0245-{박무}{강도0}0300-{박무}{강도0}0600-0610. {햇무리}0950-1450.,
108,서울,2023-05-11,19.5,12.8,0545,26.7,1423,,,,,,,8.1,320,1417,4.6,270,1633,2.3,1946,270,8.0,26,1606,50.1,10.8,1007.2,1018.9,0751,1015.3,1748,1017.2,14.1,12.9,1200,3.39,27.64,,,,,,2.9,0.0,23.7,6.9,19.1,18.6,17.8,17.3,17.0,15.0,14.7,12.6,13.7,5.8,8.3,,,
108,서울,2023-05-12,18.4,13.1,0551,24.7,1426,,,,,,,6.4,270,1437,3.6,250,1443,1.8,1558,270,7.0,24,1417,50.9,10.1,1006.2,1018.1,0738,1013.4,1800,1016.2,14.1,6.7,1300,2.59,19.9,,,,,,5.0,2.4,21.7,5.8,19.0,18.6,18.0,17.7,17.5,15.2,14.8,12.6,13.7,4.5,6.4,,,
108,서울,2023-05-13,17.8,12.6,0608,23.9,1417,0.0,,0.0,,0.17,0.0,9.2,290,1731,4.7,290,1740,2.0,1701,290,10.0,35,1344,62.0,12.3,1002.5,1016.4,0001,1010.0,1857,1012.5,14.1,8.8,1200,3.54,23.86,,,,,,3.6,2.4,24.2,5.5,19.1,18.8,18.1,17.8,17.6,15.4,14.9,12.6,13.7,4.4,6.3,0.0,{박무}0510-{박무}{강도0}0600-{박무}{강도0}0900-0920. {비}2210-2220.,
108,서울,2023-05-14,18.1,12.9,0520,23.8,1400,,,,,,,8.0,180,1208,4.7,180,1210,2.0,1705,270,8.7,35,1310,56.5,11.3,999.0,1011.0,0001,1007.2,1745,1009.0,14.2,9.6,1300,3.52,25.41,,,,,,1.6,1.6,24.3,5.7,19.5,19.1,18.4,18.1,17.9,15.6,15.0,12.7,13.7,4.9,7.0,,,
108,서울,2023-05-15,20.6,12.8,0520,27.9,1546,,,,,,,7.6,200,1604,4.6,230,1801,2.4,2042,230,10.4,32,1307,54.6,12.6,997.9,1009.7,2357,1005.6,1650,1007.8,14.2,11.6,1200,3.44,26.49,,,,,,2.0,0.6,25.0,6.4,20.3,19.7,18.9,18.5,18.2,15.8,15.1,12.7,13.7,5.9,8.4,,,
108,서울,2023-05-16,24.0,17.2,0515,31.2,1436,,,,,,,9.2,180,1547,5.0,180,1635,2.5,2175,200,12.9,33,1453,51.9,14.9,999.9,1012.3,2331,1007.9,1630,1009.7,14.2,12.1,1200,3.43,27.62,,,,,,2.1,0.0,30.3,11.6,22.0,21.3,20.1,19.4,18.7,16.0,15.2,12.8,13.7,6.6,9.4,,,
108,서울,2023-05-17,23.5,18.6,0442,28.7,1310,,,,,,,13.1,230,1455,7.2,230,1405,3.4,2952,230,15.5,34,1209,63.6,17.9,1002.5,1013.6,2153,1011.1,1545,1012.3,14.2,11.4,1300,3.43,27.59,,,,,,4.6,2.9,30.7,12.0,22.8,22.1,21.1,20.3,19.5,16.2,15.4,12.8,13.7,6.1,8.7,,,
108,서울,2023-05-18,21.2,18.8,2358,27.6,1326,0.7,1415,1.3,1405,0.83,1.3,11.9,200,1409,4.6,180,1414,2.1,1841,50,16.3,48,1331,74.8,18.6,1000.3,1012.6,0003,1008.1,1755,1010.2,14.3,1.4,1200,3.44,13.7,,,,,,7.1,5.5,21.6,14.0,22.5,22.1,21.3,20.7,20.2,16.6,15.5,12.9,13.7,3.3,4.7,1.3,{박무}0505-{박무}{강도0}0600-0615. {비}1405-1455.,
108,서울,2023-05-19,22.3,16.7,0531,27.8,1409,,,,,,,8.5,90,1101,4.5,50,0941,2.3,2024,50,14.1,41,1424,61.4,16.1,998.9,1010.0,2134,1006.9,1637,1008.7,14.3,9.4,1300,3.67,25.57,,,,,,2.4,2.3,27.2,12.5,22.3,21.8,20.9,20.4,20.1,16.9,15.7,12.9,13.7,4.9,7.0,,,
108,서울,2023-05-20,21.2,16.6,2313,26.7,1200,,,,,,,12.7,270,1609,6.7,230,1557,3.0,2571,50,14.4,51,1300,66.9,16.5,999.7,1011.2,0741,1007.5,1752,1009.6,14.3,9.7,1300,3.11,25.72,,,,,,5.0,2.6,28.7,12.5,23.0,22.4,21.4,20.9,20.4,17.2,15.9,13.0,13.7,4.8,6.8,0.2,,
108,서울,2023-05-21,17.8,15.3,0603,21.9,1608,0.2,,0.2,,5.58,0.2,9.5,200,1538,4.8,200,1210,3.0,2571,230,12.7,46,1419,74.0,14.7,999.1,1010.0,0117,1008.3,1615,1009.1,14.3,5.8,1200,3.22,20.72,,,,,,9.0,7.4,24.5,14.3,22.2,21.9,21.2,20.9,20.7,17.4,16.1,13.0,13.7,3.8,5.4,,{비}0225-{비}{강도0}0300-0555. {박무}0240-{박무}{강도1}0300-0420. {안개비}0645-0850. {박무}0650-0750. {황사}1245-{황사}{강도0}1500-{황사}{강도0}1800-{황사}{강도0}2100-{황사}{강도0}2400-,
108,서울,2023-05-22,20.3,15.9,0412,26.8,1622,0.0,,0.0,,0.33,0.0,6.9,270,1904,4.2,250,1834,1.9,1658,270,12.0,31,1528,61.3,14.0,997.7,1009.3,0001,1005.4,1629,1007.5,14.4,7.9,1300,3.4,23.93,,,,,,6.3,4.3,25.9,13.1,22.5,22.0,21.1,20.8,20.7,17.7,16.3,13.1,13.7,5.1,7.3,0.0,-{황사}-{황사}{강도0}0300-{황사}{강도0}0600-{황사}{강도0}0900-{황사}{강도0}1200-{황사}{강도0}1500-{황사}{강도0}1800-{황사}{강도0}2100-{황사}{강도0}2400- {소나기}1955-2015.,
108,서울,2023-05-23,20.5,14.1,0534,26.9,1650,,,,,,,10.0,250,1434,4.4,340,1633,2.2,1935,270,8.6,27,1607,48.0,11.2,999.8,1012.2,2309,1008.0,1536,1009.6,14.4,13.2,1200,3.68,29.85,,,,,,0.6,0.6,28.6,6.6,22.8,22.2,21.4,21.0,20.9,17.9,16.5,13.1,13.7,6.0,8.5,,-{황사}-0150.,
108,서울,2023-05-24,20.6,14.8,0535,25.9,1329,,,,,,,7.7,200,1403,3.8,200,1407,2.0,1734,270,9.3,34,1422,49.8,11.7,1003.8,1015.5,2336,1012.0,0013,1013.7,14.4,6.2,1200,2.65,19.16,,,,,,7.0,0.0,25.1,7.3,22.2,21.8,21.2,21.0,21.1,18.0,16.7,13.2,13.7,4.5,6.4,,,
108,서울,2023-05-25,21.2,15.7,0534,27.4,1403,0.0,,0.0,,0.17,0.0,9.0,290,1610,5.6,270,1556,2.4,2064,270,8.5,27,1343,46.6,11.1,1005.6,1017.3,0743,1013.5,1749,1015.5,14.4,10.4,1200,3.62,27.9,,,,,,5.4,2.3,29.0,8.4,22.9,22.1,21.2,20.9,20.9,18.2,16.9,13.3,13.7,6.4,9.1,0.5,{비}2350-{비}{강도0}2400-,
108,서울,2023-05-26,21.4,15.8,0544,27.3,1522,0.4,35,0.5,-2345,2.0,0.5,7.9,340,0026,4.9,320,0030,2.1,1823,270,12.2,38,1357,57.4,14.2,1007.5,1018.3,0733,1016.4,0001,1017.4,14.5,10.7,1200,3.53,26.25,,,,,,7.0,1.9,29.7,11.5,23.3,22.7,21.7,21.3,21.2,18.4,17.0,13.3,13.8,4.9,7.0,0.0,-{비}-0145. {비}0235-0250.,
108,서울,2023-05-27,19.3,18.6,0431,20.7,0851,2.0,1900,5.8,1810,15.5,31.8,5.9,270,1206,3.3,250,1212,1.7,1457,50,16.9,65,0003,87.4,19.4,1006.8,1018.9,1127,1014.7,2358,1016.8,14.5,0.0,0800,0.39,3.13,,,,,,9.6,6.6,19.6,13.6,21.3,21.3,21.1,21.2,21.5,18.5,17.2,13.4,13.8,0.7,0.9,46.5,{비}0830-{비}{강도0}0900-{비}{강도1}1200-{비}{강도0}1500-{비}{강도1}1800-{비}{강도0}2100-{비}{강도0}2400- {박무}1055-{박무}{강도1}1200-{박무}{강도1}1500-{박무}{강도1}1800-{박무}{강도1}2100-{박무}{강도0}2400-,
108,서울,2023-05-28,19.2,18.4,0649,20.2,1315,1.6,133,4.9,56,24.0,41.8,10.3,180,0416,5.3,180,0420,1.8,1565,50,18.9,83,1307,98.9,21.9,1001.9,1014.7,0001,1010.6,1642,1011.8,14.5,0.0,1300,0.44,2.46,,,,,,10.0,8.8,19.6,18.0,20.3,20.2,19.8,20.1,20.7,18.7,17.3,13.5,13.8,0.6,0.8,29.4,-{비}-{비}{강도0}0300-{비}{강도0}0600-{비}{강도0}0900-{비}{강도0}1200-{비}{강도0}1500-{비}{강도0}1800-{비}{강도0}2100-{비}{강도0}2400- -{박무}-{박무}{강도1}0300-{박무}{강도2}0600-{박무}{강도1}0900-{박무}{강도1}1200-{박무}{강도0}1500-{박무}{강도0}1800-1950. {박무}2240-{박무}{강도0}2400-,
108,서울,2023-05-29,23.2,19.0,0001,28.5,1646,0.4,102,1.4,35,7.5,2.3,4.9,20,1250,3.0,270,1927,1.6,1355,50,19.9,58,1632,83.4,23.2,999.9,1011.2,0001,1008.4,1527,1009.7,14.5,4.1,1500,2.21,15.87,,,,,,6.8,5.4,24.2,18.3,22.1,21.6,20.5,20.2,20.4,18.8,17.5,13.5,13.8,3.0,4.2,,-{비}-{비}{강도0}0300-{비}{강도0}0600-0730. -{박무}-{박무}{강도0}0300-0450. {박무}2315-{박무}{강도0}2400-,
108,서울,2023-05-30,24.0,20.5,0543,28.9,1454,,,,,,,8.5,20,1051,4.9,20,1656,2.2,1913,50,17.6,48,1502,69.5,20.2,999.7,1011.0,0001,1007.7,1823,1009.4,14.5,3.7,1200,3.48,18.2,,,,,,6.5,5.1,25.6,15.7,23.5,23.1,21.9,21.4,21.1,18.8,17.8,13.6,13.8,4.3,6.1,,-{박무}-{박무}{강도0}0300-{박무}{강도0}0600-0845.,
108,서울,2023-05-31,22.8,18.8,0506,28.2,1625,,,,,,,8.4,110,0956,4.3,110,1016,2.5,2186,50,14.5,45,1126,60.8,16.6,1000.0,1012.3,0812,1007.6,1711,1009.8,14.6,7.1,1100,3.41,23.98,,,,,,6.5,4.1,25.8,14.8,23.7,23.3,22.2,21.7,21.5,18.9,17.9,13.7,13.8,4.8,6.8,,,
108,서울,2023-06-01,22.8,19.7,0528,26.3,1707,,,,,,,5.7,340,1634,3.4,270,2152,1.9,1612,290,16.1,56,1833,66.9,18.3,995.6,1009.3,0001,1002.1,1742,1005.3,14.6,2.2,1100,2.32,15.18,,,,,,8.3,3.6,24.3,17.1,23.5,23.1,22.4,22.0,21.9,19.1,18.0,13.8,13.8,3.0,4.3,,,
108,서울,2023-06-02,20.4,17.9,0601,25.0,1648,0.0,,0.0,,0.17,0.0,7.0,250,1712,4.7,250,1853,2.3,2019,250,16.1,59,1636,77.4,18.3,992.5,1005.1,2356,1000.7,1621,1002.3,14.6,5.2,1400,2.85,14.24,,,,,,3.5,3.1,23.3,13.9,22.6,22.3,21.7,21.7,21.8,19.2,18.1,13.9,13.8,3.0,4.3,0.0,{박무}0655-0735. {안개비}1310-1320.,
108,서울,2023-06-03,22.0,16.6,0607,27.8,1423,,,,,,,10.6,200,1648,6.0,290,1315,2.7,2315,270,13.0,31,1359,60.1,15.1,997.8,1009.5,2336,1005.1,0001,1007.6,14.6,13.3,1200,3.7,31.19,,,,,,2.1,0.1,28.3,10.9,23.1,22.6,21.8,21.5,21.5,19.3,18.2,14.0,13.8,6.8,9.7,,,
108,서울,2023-06-04,22.1,16.9,0537,28.0,1627,,,,,,,9.1,230,1245,5.7,250,1301,2.4,2060,250,13.3,28,1729,61.0,15.4,1000.1,1011.0,0825,1007.8,1613,1009.9,14.6,11.1,1200,3.46,28.74,,,,,,3.3,0.5,29.1,11.5,23.6,23.2,22.3,22.0,21.8,19.4,18.3,14.1,13.9,6.1,8.7,,{박무}0335-{박무}{강도0}0600-0610.,
108,서울,2023-06-05,21.5,17.6,0532,26.3,1532,,,,,,,10.8,200,1549,5.5,250,1729,2.6,2273,250,14.7,47,1502,66.9,16.8,1000.3,1011.0,2230,1008.9,1634,1010.2,14.6,10.9,1200,3.2,26.6,,,,,,4.4,1.9,29.1,11.8,23.9,23.5,22.6,22.3,22.1,19.5,18.4,14.1,13.9,4.9,7.1,,,
108,서울,2023-06-06,20.3,17.3,0537,25.2,1335,0.0,,0.0,,0.92,0.0,9.8,270,1458,5.5,290,1426,2.6,2248,270,15.1,50,1342,72.9,17.1,997.3,1010.7,0001,1004.8,1657,1007.1,14.7,7.9,1300,3.12,21.98,,,,,,6.1,5.5,24.5,12.9,23.7,23.3,22.5,22.3,22.3,19.6,18.5,14.2,13.9,3.8,5.5,0.0,{소나기}1430-{소나기}{강도0}1500-1525.,
108,서울,2023-06-07,21.4,18.9,0332,25.7,1723,0.0,,0.0,,1.17,0.0,6.5,140,1457,3.6,180,1716,2.1,1809,160,16.8,63,1600,75.3,19.1,998.0,1009.5,0903,1006.2,1720,1007.9,14.7,1.0,1400,1.82,10.07,,,,,,8.9,7.1,24.1,16.8,23.2,22.8,22.2,22.1,22.3,19.8,18.6,14.3,13.9,2.2,3.1,0.0,{안개비}0930-1040. {연무}1450-{연무}{강도0}1500-1510.,
108,서울,2023-06-08,20.4,18.3,2339,23.9,1613,0.7,2300,1.5,2251,5.33,1.9,8.4,230,1136,4.9,250,1830,2.4,2077,270,16.8,65,1616,80.5,19.2,994.3,1007.8,0428,1001.3,2249,1004.1,14.7,0.9,1500,1.47,10.19,,,,,,8.4,5.9,23.5,14.4,22.5,22.3,21.8,21.8,22.1,19.9,18.7,14.3,13.9,2.2,3.2,3.1,{박무}0320-0415. {비}1155-{비}{강도0}1200-1215. {비}1330-1450. {비}2020-{비}{강도0}2100-{비}{강도0}2400- {박무}2335-{박무}{강도0}2400-,
108,서울,2023-06-09,23.3,18.3,0524,28.4,1646,0.5,20,0.6,113,3.42,1.2,7.7,270,0113,4.4,200,0027,2.0,1689,250,15.1,32,1551,64.0,17.4,993.1,1003.8,0806,1001.1,0141,1002.8,14.7,11.8,1100,3.54,28.15,,,,,,4.6,3.4,30.3,15.2,23.9,23.4,22.2,21.8,21.9,19.9,18.8,14.4,13.9,5.3,7.6,,-{비}-{비}{강도0}0300-0325. -{박무}-{박무}{강도0}0300-{박무}{강도0}0600-0610.,
108,서울,2023-06-10,23.2,19.6,2332,28.5,1248,0.6,2258,1.7,2331,1.83,0.8,12.6,290,1617,7.5,290,1618,2.3,2002,200,17.1,48,1251,70.0,19.5,994.4,1006.3,2348,1002.9,1534,1004.2,14.7,5.6,1100,2.89,18.18,,,,,,6.9,4.9,26.6,14.8,24.3,23.9,23.0,22.6,22.4,19.9,18.9,14.5,14.0,3.5,5.1,33.0,[{우박}](d 1.0)(NW 4)/서대문구/조선일보1430-1450. {비}1550-1620. {비}2240-{비}{강도0}2400-,
108,서울,2023-06-11,22.1,17.9,0422,27.3,1710,9.5,355,16.1,312,5.42,32.2,5.9,270,1912,3.9,320,1238,2.2,1863,50,17.3,53,1625,76.1,19.8,995.0,1006.2,0042,1003.1,1712,1004.8,14.7,6.4,1100,2.99,21.1,,,,,,6.1,5.6,23.6,16.0,23.5,23.2,22.4,22.3,22.5,20.1,19.0,14.5,14.0,3.9,5.6,0.0,{박무}0005-0130. {박무}0225- -{비}-{비}{강도1}0300-{시정(미만)}{1km}{비}0357-{시정(이상)}{1km}{비}0409-0440. {박무}{강도2}0300-0450. {비}0625-0645. {소나기}1240-1305.,
108,서울,2023-06-12,22.2,18.4,0610,27.5,1353,0.0,,0.0,,1.92,0.0,7.6,270,1432,4.5,290,1616,1.7,1505,270,16.3,47,1345,70.5,18.5,995.3,1006.6,0802,1003.4,1859,1005.0,14.7,6.7,1300,2.86,19.9,,,,,,6.6,3.5,24.3,14.1,23.8,23.5,22.6,22.4,22.6,20.2,19.0,14.6,14.0,3.9,5.5,0.0,{박무}0430-{박무}{강도0}0600-0705. {비}1630-1650. {비}1715-{비}{강도0}1800-1850.,
108,서울,2023-06-13,22.0,19.2,0556,26.0,1313,0.0,,0.0,,0.5,0.0,9.0,270,1417,5.0,290,1644,2.2,1917,270,16.1,50,1447,70.0,18.3,994.1,1004.8,0001,1002.6,1538,1003.9,14.7,9.9,1300,3.25,25.43,,,,,,3.9,2.9,28.2,14.1,24.3,23.9,22.9,22.6,22.6,20.3,19.1,14.7,14.0,4.4,6.3,,{비}0135-0155. {비}0305-0315. {박무}0550-{박무}{강도0}0600-0620.,
108,서울,2023-06-14,20.6,17.5,0508,25.0,1258,12.7,1412,30.6,1355,2.25,30.6,6.7,340,1413,3.6,180,1425,1.5,1293,270,16.9,53,1306,80.3,19.3,995.6,1006.9,2255,1003.8,0037,1005.5,14.8,4.2,0900,1.89,13.12,,,,,,4.1,3.9,20.3,13.6,22.6,22.6,22.4,22.5,22.8,20.4,19.2,14.7,14.0,2.5,3.5,30.6,{박무}0410-0550. {소나기}1335-{소나기}{강도2}1500-1550.,
108,서울,2023-06-15,22.7,17.7,0545,28.3,1516,,,,,,,8.2,270,1635,4.7,270,1642,2.1,1837,270,16.7,50,1517,70.8,19.1,998.1,1010.3,2357,1006.3,1552,1007.9,14.8,8.8,1100,3.43,25.05,,,,,,2.9,1.6,26.5,14.4,23.4,23.1,22.1,22.0,22.3,20.6,19.3,14.8,14.1,4.7,6.8,,,
108,서울,2023-06-16,23.7,19.1,0501,28.9,1535,,,,,,,6.8,270,1711,4.2,250,1952,2.1,1827,250,16.0,45,1634,64.4,18.3,1002.7,1013.8,1025,1010.3,0001,1012.5,14.8,12.5,1200,3.59,29.89,,,,,,0.9,0.0,27.8,15.1,24.8,24.4,23.2,22.7,22.7,20.6,19.6,14.9,14.1,6.2,8.8,,{박무}0155-{박무}{강도0}0300-{박무}{강도0}0600-0755.,
108,서울,2023-06-17,24.2,18.9,0540,30.2,1515,,,,,,,6.3,290,1809,4.1,290,1813,2.0,1757,270,14.7,39,1319,57.1,16.8,1002.5,1014.4,0345,1010.4,1749,1012.3,14.8,10.8,1100,3.39,27.4,,,,,,4.4,0.0,28.7,13.3,25.1,24.8,23.8,23.4,23.2,20.7,19.7,15.0,14.1,5.6,8.0,,,
108,서울,2023-06-18,25.9,20.8,0518,32.6,1636,,,,,,,6.6,250,1643,4.1,290,1740,2.0,1758,270,17.4,43,1601,60.5,19.8,997.2,1010.7,0001,1004.2,1632,1006.9,14.8,12.3,1200,3.48,28.79,,,,,,3.4,0.0,31.6,17.6,26.2,25.8,24.5,23.8,23.6,20.8,19.7,15.1,14.1,6.4,9.1,,,
108,서울,2023-06-19,28.5,23.3,0353,34.0,1455,,,,,,,7.3,270,0122,4.3,250,2015,2.2,1903,50,19.0,42,1328,57.8,22.0,995.7,1006.9,0831,1003.1,1627,1005.3,14.8,11.0,1200,3.23,25.29,,,,,,3.3,0.0,32.8,18.6,27.2,26.8,25.4,24.6,24.1,21.0,19.8,15.2,14.2,5.3,7.6,,,
108,서울,2023-06-20,24.7,21.4,2356,26.4,1040,2.3,2352,6.4,2331,6.83,6.4,9.7,50,1308,5.3,50,1317,1.9,1646,70,17.3,51,1211,64.5,19.8,994.1,1005.9,1215,1001.6,1526,1003.8,14.8,0.0,1000,0.69,5.89,,,,,,8.8,4.4,23.7,19.0,25.5,25.5,24.9,24.8,24.7,21.3,19.9,15.2,14.2,1.7,2.4,30.4,{비}1215-{비}{강도0}1500-1630. {비}2125-{비}{강도1}2400-,
108,서울,2023-06-21,20.5,19.2,0344,22.1,1522,3.3,339,8.4,302,14.67,24.9,6.0,50,0150,3.5,70,0326,2.1,1855,50,19.2,83,2122,92.6,22.3,991.2,1003.4,0001,999.8,1643,1001.0,14.8,0.0,1200,0.81,4.79,,,,,,9.4,8.1,21.9,17.9,23.0,23.1,22.8,23.2,24.0,21.5,20.1,15.3,14.2,1.4,2.0,0.9,{박무}0010-{박무}{강도1}0300-{박무}{강도1}0600-0850. -{비}-{비}{강도0}0300-{비}{강도0}0600-{비}{강도0}0900-{비}{강도0}1200-1255. {박무}0905-1130. {박무}1205-1245. {안개비}1325-1415. {박무}1340-1410. {비}1425-1450. {비}1825-1855.,
108,서울,2023-06-22,22.5,18.9,0524,26.4,1529,0.0,,0.0,,0.25,0.0,8.4,250,1454,4.9,270,1446,2.2,1938,250,18.1,61,1332,77.1,20.9,993.6,1005.7,2335,1001.8,1540,1003.3,14.8,6.9,1000,2.74,21.48,,,,,,6.3,6.3,26.2,17.8,23.8,23.5,22.6,22.6,23.2,21.5,20.2,15.4,14.2,3.5,4.9,0.0,{소나기}1750-{소나기}{강도0}1800-1805. {박무}2255-{박무}{강도0}2400-,
108,서울,2023-06-23,24.4,20.0,0309,29.9,1650,,,,,,,4.9,360,1547,3.2,290,1815,1.5,1255,270,19.8,50,1653,76.6,23.1,999.1,1011.7,2337,1005.5,0014,1008.8,14.8,5.3,1400,3.15,18.74,,,,,,5.0,5.0,26.2,17.6,24.8,24.5,23.4,23.1,23.5,21.5,20.3,15.4,14.3,3.9,5.6,,-{박무}-0125. {박무}0505-{박무}{강도0}0600-0830.,
108,서울,2023-06-24,26.4,21.9,0514,31.1,1540,,,,,,,6.8,320,2034,4.0,320,2035,2.0,1746,270,20.4,55,1408,70.5,24.0,1003.4,1014.2,0813,1011.7,0001,1013.1,14.8,9.7,1100,2.81,21.93,,,,,,1.5,1.4,27.4,19.3,25.8,25.5,24.2,23.8,23.8,21.5,20.4,15.5,14.3,4.3,6.2,,,
108,서울,2023-06-25,28.2,22.8,0545,33.1,1529,,,,,,,6.5,110,2136,4.0,160,1632,2.1,1795,140,20.5,47,1557,64.9,24.2,1001.2,1013.8,0001,1008.2,1835,1010.8,14.8,8.7,1100,3.29,23.62,,,,,,5.8,3.0,30.8,19.7,27.0,26.6,25.2,24.6,24.3,21.6,20.5,15.5,14.3,4.8,6.9,14.9,,
108,서울,2023-06-26,24.2,22.3,0606,27.5,0001,4.2,554,11.1,517,13.25,30.3,10.2,230,1701,6.0,180,1739,2.9,2529,200,22.0,59,0039,88.6,26.4,995.8,1008.5,0001,1004.2,1914,1005.5,14.8,0.0,1500,0.59,3.39,,,,,,10.0,7.5,24.0,20.9,25.4,25.4,24.8,24.8,24.9,21.8,20.6,15.6,14.3,1.2,1.7,17.9,{비}0325-{시정(미만)}{1km}{비}0558-{비}{강도1}0600-{시정(이상)}{1km}{비}0609-{비}{강도0}0900-1030. {비}1320-{비}{강도1}1500-1525. {박무}1405-{박무}{강도0}1500-1530. {비}1845-2040. {비}2110-2320.,
108,서울,2023-06-27,25.3,21.4,0525,29.1,1657,1.0,153,2.5,113,2.5,2.5,11.0,270,0159,6.1,200,0024,3.2,2731,230,19.8,51,1816,73.1,23.1,998.0,1009.1,2243,1003.9,0100,1007.7,14.8,6.8,1200,3.08,20.95,,,,,,6.5,6.5,27.6,20.6,25.8,25.5,24.3,24.1,24.4,22.0,20.7,15.7,14.4,4.1,5.9,0.0,{비}0010-0240.,
108,서울,2023-06-28,26.5,24.2,0447,30.1,1453,0.0,,0.0,,0.5,0.0,6.8,180,1536,4.1,200,1411,2.5,2146,230,22.0,60,1457,77.4,26.5,997.2,1008.9,0133,1005.5,1445,1006.8,14.8,3.8,1400,2.79,18.56,,,,,,8.1,8.0,28.5,23.3,27.0,26.6,25.2,24.8,24.7,22.2,20.9,15.8,14.4,3.6,5.1,3.9,{소나기}0010-0020. {박무}0105-{박무}{강도0}0300-{박무}{강도0}0600-0840. {소나기}0650-0710. {박무}2040-{박무}{강도0}2100-{박무}{강도0}2400-,
108,서울,2023-06-29,24.2,23.2,2343,25.9,0007,11.2,1115,33.8,1042,17.83,63.8,10.3,230,1122,4.9,200,1127,2.3,1958,200,23.4,85,0002,95.4,28.8,990.8,1005.7,0001,996.8,1742,1000.5,14.8,0.0,1200,0.58,2.31,,,,,,10.0,9.3,24.6,22.8,25.8,25.7,25.0,25.0,25.2,22.3,21.1,16.0,14.4,0.6,0.9,60.5,-{박무}-{박무}{강도0}0300-{박무}{강도0}0600-{박무}{강도2}0900-1155. {안개비}0340-0355. {비}0625-{비}{강도0}0900-{시정(미만)}{1km}{비}1050-{시정(이상)}{1km}{비}1055-{시정(미만)}{1km}{비}1110-{시정(미만)}{0.5km}{비}1121-{시정(이상)}{0.5km}{비}1132-{시정(이상)}{1km}{비}1139-{비}{강도2}1200-{비}{강도1}1500-{비}{강도0}1800-{시정(미만)}{1km}{비}1920-{시정(이상)}{1km}{비}1935-{비}{강도0}2100-{안개비}2210-{안개비}{강도0}2400- {박무}1310-{박무}{강도1}1500-1605. {박무}1645-{박무}{강도1}1800-{박무}{강도2}2100-{시정(미만)}{1km}{안개}2330-{안개}{강도0}2400-,0.5
108,서울,2023-06-30,25.3,23.2,0001,29.1,1603,0.2,,0.4,7,11.92,1.0,5.9,200,0143,3.3,250,1753,1.8,1595,250,23.3,72,1616,89.8,28.6,990.2,1002.6,2332,997.9,0329,999.8,14.7,1.4,1500,2.1,10.02,,,,,,7.4,7.1,26.5,22.2,25.7,25.4,24.4,24.4,25.0,23.0,22.0,17.2,14.5,2.3,3.3,0.4,-{박무}-{시정(이상)}{1km}{박무}0033-{시정(미만)}{1km}{안개}0153-{안개}{강도0}0300-{시정(이상)}{1km}{박무}0332-{박무}{강도2}0600-{박무}{강도0}0900-1050. -{안개비}-{안개비}{강도1}0300-{안개비}{강도0}0600-{안개비}{강도0}0900-0930. {안개비}1055-{비}1120-{비}{강도0}1200-1245. {박무}1115-{박무}{강도0}1200-{박무}{강도0}1500-1705. {비}1335-1410. {박무}2330-{박무}{강도0}2400-,2.2
108,서울,2023-07-01,27.7,23.3,0321,32.9,1459,,,,,,,7.1,270,1729,4.5,270,1736,2.0,1741,250,23.0,58,1412,76.9,28.1,995.5,1007.4,2336,1002.5,0006,1005.0,14.7,12.4,1300,3.6,29.21,,,,,,1.4,1.4,31.2,20.3,27.6,27.2,25.6,25.1,25.0,22.9,22.0,17.2,14.5,5.7,8.1,,-{박무}-0010. {박무}0205-{박무}{강도0}0300-{박무}{강도0}0600-0755.,
108,서울,2023-07-02,26.7,23.5,0543,30.6,1617,,,,,,,5.7,270,0919,3.3,250,0907,1.9,1651,270,22.7,64,1629,79.5,27.6,998.3,1009.9,0901,1006.0,1612,1008.0,14.7,4.3,1300,2.36,19.16,,,,,,6.6,2.1,28.4,20.3,27.7,27.4,26.2,25.8,25.7,23.0,22.0,17.0,14.5,3.6,5.1,,,
108,서울,2023-07-03,29.1,24.1,0524,34.9,1616,,,,,,,6.0,160,1635,4.1,270,1816,1.8,1565,270,23.0,40,1644,72.0,28.2,995.2,1008.1,0118,1002.2,1750,1004.7,14.7,8.8,1300,3.38,25.34,,,,,,4.9,1.6,31.8,20.6,28.5,28.1,26.6,26.1,25.9,23.1,21.9,16.9,14.6,5.4,7.7,,,
108,서울,2023-07-04,26.1,24.5,2004,29.2,1239,11.1,1954,28.5,1921,10.5,61.8,9.6,160,1305,4.9,160,1313,2.3,1946,90,23.5,68,1244,86.8,29.1,989.3,1003.7,0001,992.5,2359,998.9,14.7,0.0,1000,1.23,6.08,,,,,,9.8,6.4,26.4,22.6,27.3,27.3,26.6,26.5,26.4,23.2,22.0,16.8,14.6,1.4,2.0,77.1,{박무}0205-{박무}{강도0}0300-{박무}{강도0}0600-0830. {비}1255-{비}{강도1}1500-{비}{강도0}1800-{시정(미만)}{1km}{비}1858-{시정(이상)}{1km}{비}1909-{시정(미만)}{1km}{비}1929-{시정(이상)}{1km}{비}1938-{시정(미만)}{1km}{비}1958-{시정(이상)}{1km}{비}2022- {박무}1350-{박무}{강도0}1500-1630. {비}{강도1}2100-2245. {비}2320-{비}{강도0}2400-,
108,서울,2023-07-05,24.5,22.1,0648,27.1,1308,6.9,30,13.8,24,6.08,15.3,14.5,230,0445,7.0,230,0250,3.7,3221,230,21.2,68,1300,82.6,25.1,985.1,998.4,2337,990.9,0348,994.7,14.7,4.5,1200,3.15,19.96,,,,,,5.9,5.3,27.3,20.4,26.5,26.3,25.4,25.5,26.2,24.0,22.9,17.6,14.7,4.0,5.7,,-{비}-{시정(미만)}{1km}{비}0036-{시정(이상)}{1km}{비}0045-{비}{강도0}0300-0440. {비}0505-{비}{강도0}0600-0630. {박무}2120-2205.,
108,서울,2023-07-06,27.3,22.4,0545,31.8,1435,,,,,,,11.6,180,1533,5.9,200,1551,2.7,2347,200,21.3,56,1430,70.9,25.3,991.3,1002.7,2220,998.3,0001,1000.9,14.7,8.8,1200,3.4,25.47,,,,,,6.3,0.9,29.6,19.7,27.5,27.1,25.9,25.7,26.1,24.0,23.0,18.1,14.7,5.3,7.6,,{박무}0205-{박무}{강도0}0300-0330.,
108,서울,2023-07-07,26.7,23.3,2345,31.4,1447,,,,,,,11.9,140,1721,5.7,140,1738,2.3,2003,110,19.3,46,1710,64.9,22.4,991.8,1003.1,0729,999.3,1624,1001.4,14.7,8.7,1100,3.28,23.96,,,,,,4.1,1.9,29.3,19.7,27.9,27.7,26.5,26.2,26.4,24.0,22.9,17.8,14.8,5.3,7.6,,,
108,서울,2023-07-08,25.6,22.4,0346,29.7,1541,,,,,,,6.9,160,1302,3.9,230,1906,2.2,1918,70,21.1,64,1513,76.5,25.1,992.1,1003.3,2308,1000.4,1459,1001.8,14.6,1.6,1300,3.34,13.93,,,,,,7.6,6.1,27.1,19.1,27.3,27.1,26.1,26.1,26.5,24.0,22.9,17.6,14.8,3.0,4.3,0.0,,
108,서울,2023-07-09,24.7,21.6,1208,27.0,0849,18.1,1044,24.6,1027,7.17,47.5,12.6,20,1051,6.1,50,1056,2.0,1710,50,22.2,78,1034,86.4,26.7,992.5,1003.6,2153,1000.6,1529,1002.2,14.6,1.1,1500,2.17,8.07,,,,,,8.8,7.3,27.1,20.4,25.9,25.9,25.3,25.6,26.3,24.0,22.9,17.5,14.9,1.4,2.0,59.0,{비}0655-0830. {비}0915-{시정(미만)}{1km}{비}1049-{시정(미만)}{0.5km}{비}1050-{시정(이상)}{0.5km}{비}1100-{시정(이상)}{1km}{비}1102-{시정(미만)}{1km}{비}1159-{비}{강도1}1200-{시정(이상)}{1km}{비}1213-1450. {박무}2320-2355.,
108,서울,2023-07-10,26.3,22.9,0626,30.9,1518,10.8,540,11.5,530,0.67,11.5,16.8,200,0546,5.8,230,0551,2.3,1961,250,22.4,58,1442,80.4,27.2,993.5,1005.8,2314,1001.2,0524,1003.2,14.6,5.9,1300,3.23,18.41,,,,,,7.3,6.0,27.8,21.1,26.6,26.3,25.2,25.1,25.8,24.3,23.3,17.9,14.9,3.7,5.3,2.2,{박무}0020-{박무}{강도0}0300-0555. {비}0530-{비}{강도1}0600-0610. {박무}0750-0845.,
108,서울,2023-07-11,23.5,21.6,1733,25.9,0807,6.1,1014,15.4,952,11.83,58.3,8.6,70,1449,5.2,70,1451,1.9,1656,50,22.0,79,0026,92.4,26.5,995.3,1006.5,1038,1003.9,1741,1005.1,14.6,0.0,1200,0.43,2.21,,,,,,9.4,7.3,23.7,20.7,25.6,25.6,25.1,25.4,26.1,24.2,23.5,18.3,14.9,0.7,0.9,56.8,{안개비}0715-0750. {비}0810-{비}{강도0}0900-1150. {비}1220-{비}{강도0}1500-{비}{강도1}1800-1940. {박무}2135-{박무}{강도0}2400- {비}2345-{비}{강도0}2400-,
108,서울,2023-07-12,25.8,22.0,0001,29.1,1552,0.4,355,0.5,325,5.17,0.7,5.3,290,1647,3.4,290,1649,1.5,1279,270,23.2,72,1602,86.4,28.4,995.3,1005.9,2356,1003.6,0209,1004.9,14.6,1.2,1300,2.05,12.34,,,,,,9.4,6.9,27.1,22.0,25.7,25.4,24.4,24.6,25.5,24.5,24.1,19.6,15.0,2.3,3.2,0.1,-{비}-0130. -{박무}-{박무}{강도0}0300-{박무}{강도1}0600-{박무}{강도0}0900-0950. {비}0325-{비}{강도0}0600-0645. {비}2125-2135. {비}2350-{비}{강도0}2400-,
108,서울,2023-07-13,25.2,24.7,1215,26.5,0943,11.9,1441,35.0,1359,20.67,91.6,7.2,110,2209,3.5,180,1105,1.6,1364,70,24.3,84,0004,95.0,30.3,993.6,1006.1,0015,999.1,2350,1003.3,14.6,0.0,0800,0.35,2.63,,,,,,10.0,8.1,25.2,24.1,25.7,25.6,24.9,25.1,25.7,24.3,24.0,19.4,15.2,0.6,0.8,152.3,{박무}0205-{박무}{강도0}0300-{박무}{강도1}0600-{박무}{강도0}0900-{박무}{강도1}1200-1250. -{비}-{비}{강도0}0300-0345. {비}0455-0540. {비}0750-{비}{강도0}0900-{비}{강도1}1200-{시정(미만)}{1km}{비}1408-{시정(미만)}{0.5km}{비}1409-{시정(이상)}{0.5km}{비}1415-{시정(미만)}{0.5km}{비}1441-{시정(이상)}{0.5km}{비}1456-{시정(이상)}{1km}{비}1457-{비}{강도2}1500-{비}{강도1}1800-{비}{강도1}2100-{시정(미만)}{1km}{비}2354-{비}{강도1}2400-,
108,서울,2023-07-14,24.6,23.9,0206,25.1,1026,5.5,11,20.3,-2335,24.0,72.7,11.0,140,0026,4.8,230,0612,2.9,2543,200,24.4,96,0105,99.1,30.6,987.7,999.6,0001,996.0,0432,997.3,14.5,0.0,1200,0.27,1.52,,,,,,10.0,9.1,24.4,23.4,24.7,24.6,24.0,24.4,25.5,24.9,24.9,22.3,15.4,0.4,0.6,13.4,-{비}-{시정(이상)}{1km}{비}0025-{시정(미만)}{1km}{비}0123-{시정(이상)}{1km}{비}0140-{비}{강도1}0300-{시정(미만)}{1km}{비}0339-{시정(이상)}{1km}{비}0358-{비}{강도0}0600-{안개비}0750-{안개비}{강도0}0900-{비}1030-{비}{강도0}1200-{비}{강도0}1500-{시정(미만)}{1km}{비}1623-{시정(이상)}{1km}{비}1635-{안개비}1750-{안개비}{강도0}1800-{비}1830-{안개비}2040-{안개비}{강도0}2100-{비}2250-{안개비}2320-{안개비}{강도0}2400- {박무}0740-{박무}{강도1}0900-{박무}{강도0}1200-1245. {박무}1340-{박무}{강도1}1500-{박무}{강도1}1800-{박무}{강도1}2100-{박무}{강도1}2400-,
108,서울,2023-07-15,24.5,23.7,2358,25.7,1211,0.4,240,0.6,203,14.25,2.3,11.8,180,1609,5.8,200,1617,3.0,2587,180,23.4,85,2252,93.5,28.8,990.4,1004.1,2331,997.4,0304,1000.1,14.5,0.0,1100,0.84,3.16,,,,,,9.9,8.9,24.6,22.6,25.1,24.9,24.2,24.3,25.3,24.7,24.8,21.5,16.1,1.0,1.4,0.9,-{안개}-{시정(미만)}{1km}{안개}0057- {시정(미만)}{0.5km}{안개}0127-{시정(이상)}{0.5km}{안개}0200-{시정(이상)}{1km}{박무}0252-{박무}{강도2}0300-{박무}{강도2}0600-{박무}{강도0}0900-0945. -{비}-{비}0240-{비}{강도0}0300-{비}{강도0}0600-{비}{강도0}0900-0955. {비}1050-1155. {안개비}1430-{비}1445-{비}{강도0}1500-1730. {박무}1435-{박무}{강도0}1500-1725. {비}2040-2055.,1.92
108,서울,2023-07-16,24.6,23.7,0001,25.4,1745,9.3,1229,9.6,1155,2.92,9.7,9.2,180,1248,5.0,180,1251,2.3,1978,180,22.7,80,1614,89.5,27.5,997.1,1009.8,2219,1004.0,0005,1006.8,14.5,0.0,1300,0.7,5.31,,,,,,9.3,8.6,24.9,22.5,25.0,24.8,24.0,24.2,25.2,24.5,24.5,20.6,16.3,1.2,1.7,9.6,{박무}0450-{박무}{강도0}0600-{박무}{강도0}0900-1125. {비}0535-0550. {비}0610-0730. {비}1155-{비}{강도0}1200-1315.,
108,서울,2023-07-17,25.5,23.7,0446,27.8,1437,0.8,2340,1.5,2330,3.75,1.4,7.5,180,1147,4.2,200,1154,1.7,1468,200,22.9,76,1318,86.1,28.0,1001.5,1012.6,2345,1009.3,0237,1011.2,14.5,0.4,1400,1.84,10.78,,,,,,9.0,7.5,27.2,22.6,25.7,25.4,24.4,24.4,25.2,24.4,24.3,20.0,16.2,2.0,2.9,2.0,{비}0615-0645. {비}0720-0745. {비}0945-1005. {비}1410-1430. {비}1535-1715. {비}2330-{비}{강도0}2400-,
108,서울,2023-07-18,25.2,24.1,0527,27.7,1721,0.5,115,0.8,1046,12.67,2.3,5.1,20,1624,3.1,110,1505,1.4,1228,20,22.9,75,1756,87.9,27.9,1000.5,1012.7,0010,1007.4,1900,1010.2,14.5,2.0,1700,1.21,7.94,,,,,,8.0,5.0,26.1,21.2,26.0,25.8,24.9,24.9,25.5,24.3,24.2,19.7,16.1,1.9,2.7,1.7,{박무}0130-{박무}{강도0}0300-{박무}{강도0}0600-0830. -{비}-0235. {비}0405-{비}{강도0}0600-{비}{강도0}0900-{비}{강도0}1200-1410.,
108,서울,2023-07-19,27.2,22.5,0527,32.4,1629,,,,,,,6.7,270,1822,4.7,250,1759,1.7,1439,290,22.9,55,1559,78.8,27.9,997.3,1008.1,0751,1005.2,1713,1006.9,14.4,11.5,1300,3.46,26.41,,,,,,2.3,2.3,29.6,19.3,27.3,26.8,25.4,25.1,25.5,24.2,24.1,19.5,16.0,4.9,7.0,,,
108,서울,2023-07-20,27.9,24.0,0549,32.8,1547,,,,,,,5.6,250,1513,3.9,250,2003,1.8,1574,290,22.5,51,1558,74.0,27.3,998.8,1010.0,2330,1007.1,1710,1008.4,14.4,9.9,1300,3.15,24.17,,,,,,2.9,0.5,30.2,20.3,28.2,27.9,26.5,26.1,26.1,24.3,24.0,19.4,16.0,4.9,7.1,,{박무}0420-{박무}{강도0}0600-{박무}{강도0}0900-1030.,
108,서울,2023-07-21,29.5,24.6,0554,34.3,1628,,,,,,,6.3,290,1718,3.5,320,1907,1.8,1532,50,23.0,48,1419,69.6,28.1,1001.4,1012.4,2254,1009.6,1638,1011.0,14.4,10.2,1100,3.26,23.64,,,,,,2.3,1.4,30.9,21.4,28.8,28.4,27.0,26.6,26.6,24.4,23.9,19.3,15.9,5.1,7.3,,{박무}0615-{박무}{강도0}0900-1020.,
108,서울,2023-07-22,27.7,24.6,2142,32.5,1227,6.2,1843,10.1,1823,7.08,12.3,11.5,160,1403,5.2,140,1523,2.6,2289,90,22.3,51,1234,73.9,26.9,1001.1,1012.5,0648,1008.7,1720,1010.8,14.4,6.4,1100,3.37,17.66,,,,,,6.6,4.5,29.2,22.8,28.7,28.6,27.5,27.1,27.1,24.6,23.9,19.2,15.9,3.4,4.9,37.2,{비}1515-1555. {비}1735-{비}{강도0}1800-{비}{강도0}2100-{비}{강도0}2400-,
108,서울,2023-07-23,25.2,24.5,0752,25.8,1515,2.1,729,9.1,657,19.0,40.2,9.6,110,0916,4.4,160,0851,2.1,1840,200,24.2,87,0003,94.3,30.2,997.4,1010.1,0001,1005.7,1831,1007.1,14.4,0.0,1200,0.37,2.37,,,,,,10.0,8.5,25.3,23.8,26.5,26.5,26.0,26.3,27.0,24.7,23.9,19.2,16.0,0.8,1.1,15.7,-{비}-{비}{강도0}0300-{비}{강도0}0600-{비}{강도1}0900-{비}{강도0}1200-1455. {비}1710-1755. {비}1955-{비}{강도0}2100-2315.,
108,서울,2023-07-24,26.9,24.6,0521,30.0,1527,0.3,52,0.4,30,2.08,0.4,6.4,270,1617,3.5,230,1726,2.0,1714,200,23.7,69,1535,83.1,29.2,998.5,1010.1,2330,1006.7,0148,1008.2,14.3,3.2,1200,2.48,14.08,,,,,,7.3,5.9,29.0,23.7,27.3,27.0,25.9,25.8,26.6,25.1,24.3,19.6,16.0,2.8,4.0,0.1,{박무}0020-0210. {비}0030-0150. {박무}0330-0420. {비}1045-1130.,
108,서울,2023-07-25,27.8,25.8,0428,30.5,1432,5.2,2127,5.5,,1.75,5.6,10.1,180,1333,5.6,250,1413,2.7,2306,200,24.0,68,1437,80.5,29.9,1002.2,1013.7,2208,1010.0,0011,1011.9,14.3,3.5,1100,2.57,16.84,,,,,,7.1,6.5,28.9,23.7,28.2,27.9,26.7,26.4,26.8,25.0,24.4,19.8,16.0,3.5,4.9,5.5,{비}0130-0205. {비}0225-0240. {소나기}1755-{소나기}{강도0}1800-1815. {비}2120-2145. {비}2225-2235.,
108,서울,2023-07-26,27.6,24.9,0606,31.1,1539,0.8,950,1.0,915,2.67,1.0,8.4,270,1216,4.9,230,1209,2.2,1869,50,23.9,69,1206,80.9,29.7,1004.3,1015.6,0817,1012.8,1608,1014.0,14.3,3.0,1100,2.59,15.79,,,,,,7.6,6.9,28.7,24.0,28.4,28.1,26.9,26.7,27.0,25.0,24.4,19.7,16.0,3.3,4.7,1.0,{비}0630-0705. {소나기}0915-1005. {소나기}1815-1835. {소나기}1845-1940.,
108,서울,2023-07-27,28.4,24.4,0539,32.2,1300,0.0,,0.0,,0.25,0.0,5.7,320,1744,3.5,290,1737,1.9,1604,50,24.0,59,1306,78.1,29.8,1004.1,1015.0,0755,1011.7,1706,1013.7,14.3,6.8,1100,3.0,18.25,,,,,,5.9,4.0,29.0,23.0,28.8,28.5,27.2,26.9,27.2,25.1,24.3,19.6,16.1,3.8,5.4,0.0,{소나기}1610-1625.,
108,서울,2023-07-28,29.5,25.4,0536,34.1,1416,,,,,,,7.7,180,1412,4.3,180,1254,2.1,1796,270,23.7,52,1414,72.4,29.3,1003.8,1014.6,2315,1011.9,1708,1013.5,14.2,9.5,1300,3.04,23.36,,,,,,3.3,1.9,31.2,22.5,29.4,29.0,27.6,27.3,27.4,25.2,24.4,19.5,16.1,4.9,7.0,,,
108,서울,2023-07-29,29.1,26.1,0442,33.3,1527,,,,,,,8.3,340,1933,4.8,340,1939,2.0,1714,20,23.5,52,1706,72.1,28.9,1004.2,1014.7,0011,1012.7,1519,1013.9,14.2,6.8,1400,2.22,18.5,,,,,,4.4,3.4,31.3,22.6,29.2,29.0,27.8,27.6,27.7,25.3,24.4,19.4,16.1,4.2,6.0,,,
108,서울,2023-07-30,28.8,24.9,0550,34.9,1555,6.1,1815,20.0,1801,3.17,25.0,9.0,200,1801,4.8,200,1807,1.9,1646,20,23.0,49,1335,72.5,28.1,1002.9,1014.1,0831,1010.1,1636,1012.5,14.2,9.1,1200,3.28,21.99,,,,,,4.8,2.6,32.0,21.4,29.0,28.8,27.8,27.6,27.7,25.4,24.4,19.4,16.2,4.4,6.3,25.0,{소나기}1745-{소나기}{강도0}1800-{시정(미만)}{1km}{소나기}1858-{시정(이상)}{1km}{소나기}1904-2055.,
108,서울,2023-07-31,28.7,25.6,0003,33.4,1440,0.3,1513,0.3,1455,0.67,0.3,6.4,290,1749,4.0,290,1741,1.7,1481,290,23.9,60,1428,76.3,29.6,1002.4,1014.0,0652,1010.3,1630,1012.1,14.1,6.5,1100,2.99,20.26,,,,,,6.4,2.9,30.1,23.7,29.3,28.9,27.7,27.5,27.8,25.5,24.5,19.4,16.2,4.2,6.0,0.3,{소나기}1455-{소나기}{강도0}1500-1535.,
108,서울,2023-08-01,29.9,25.5,0536,34.2,1646,,,,,,,5.5,90,0952,3.1,270,1640,1.9,1629,50,24.0,55,1348,71.6,29.9,1000.3,1011.7,0747,1007.8,1908,1009.9,14.1,10.3,1200,3.44,21.25,,,,,,4.1,1.1,30.8,23.0,29.7,29.4,28.0,27.8,27.9,25.6,24.6,19.5,16.2,4.3,6.2,,,
108,서울,2023-08-02,29.7,26.8,0519,33.7,1436,,,,,,,7.9,270,1507,4.8,270,1513,2.1,1803,270,22.7,48,1741,67.8,27.8,997.5,1009.0,0001,1005.2,1826,1007.1,14.1,11.2,1200,3.19,24.81,,,,,,4.0,0.3,32.6,22.8,29.9,29.7,28.4,28.1,28.2,25.8,24.6,19.5,16.3,5.4,7.7,,,
108,서울,2023-08-03,29.5,25.8,0615,33.8,1446,,,,,,,6.5,290,1431,4.0,250,1327,2.1,1790,270,22.5,54,1557,67.0,27.2,995.9,1007.2,0800,1003.9,1748,1005.5,14.0,11.0,1200,3.19,25.4,,,,,,3.9,1.6,33.5,22.3,29.8,29.6,28.3,28.1,28.3,25.9,24.7,19.5,16.3,5.4,7.7,,,
108,서울,2023-08-04,30.0,26.5,0520,34.4,1634,,,,,,,7.3,340,1413,3.9,270,1732,1.9,1658,270,23.1,53,1539,67.6,28.3,994.2,1005.6,0005,1002.1,1740,1003.7,14.0,9.6,1000,2.92,23.13,,,,,,4.3,2.6,34.8,23.0,30.0,29.8,28.6,28.3,28.3,26.0,24.8,19.5,16.3,5.2,7.5,,,
108,서울,2023-08-05,30.3,26.4,0611,34.9,1548,,,,,,,7.0,340,2035,4.7,320,2042,2.0,1753,290,23.7,50,1530,69.0,29.4,990.6,1002.3,0001,997.5,1758,1000.1,14.0,12.7,1200,3.49,27.31,,,,,,2.8,1.6,36.7,22.6,30.5,30.2,28.9,28.5,28.5,26.1,24.9,19.6,16.4,5.6,8.0,,,
108,서울,2023-08-06,29.8,27.0,1606,33.0,1403,3.7,1556,4.9,1511,1.58,4.9,11.9,180,1554,7.7,290,1606,1.7,1450,290,25.1,63,1431,76.5,31.9,988.3,999.2,0001,996.0,1531,997.7,13.9,3.8,1300,1.64,12.95,,,,,,5.8,4.3,31.9,24.1,30.2,30.0,28.9,28.7,28.7,26.2,25.0,19.6,16.4,3.1,4.4,4.9,{소나기}1450-{소나기}{강도0}1500-1625.,
108,서울,2023-08-07,30.4,27.3,0540,34.6,1546,,,,,,,8.1,70,2230,4.5,50,1850,2.7,2310,50,23.8,56,1556,68.4,29.5,989.5,1000.5,2349,997.1,1539,999.0,13.9,5.8,0900,2.37,15.83,,,,,,4.4,4.0,30.4,24.9,29.7,29.5,28.4,28.3,28.6,26.3,25.1,19.6,16.5,4.2,6.0,,,
108,서울,2023-08-08,30.9,26.4,0553,35.8,1600,,,,,,,7.8,50,0844,4.3,50,2214,2.9,2496,50,22.2,47,1505,60.5,26.7,992.2,1003.2,2333,1000.3,1531,1001.7,13.9,11.0,1200,3.2,23.96,,,,,,2.4,1.8,35.3,23.2,30.0,29.7,28.5,28.3,28.6,26.4,25.2,19.7,16.5,5.8,8.3,,,
108,서울,2023-08-09,28.3,25.1,2358,31.6,1102,0.2,,0.2,,1.58,0.2,10.6,70,2244,5.9,70,2114,3.2,2776,50,21.7,57,1106,67.6,25.9,993.7,1004.3,0805,1001.9,1749,1003.3,13.9,3.3,1000,2.26,13.66,,,,,,8.0,4.5,30.8,23.0,29.5,29.4,28.5,28.5,28.8,26.5,25.3,19.7,16.5,3.2,4.6,5.2,{비}2225-{비}{강도0}2400-,
108,서울,2023-08-10,22.2,20.9,1954,25.1,0001,3.7,1635,13.6,1618,24.0,86.1,18.1,340,1616,8.9,340,1536,3.7,3183,50,20.8,80,0050,91.9,24.5,986.1,1003.1,0001,991.6,1731,995.8,13.8,0.0,0900,0.36,2.42,,,,,,10.0,7.1,22.8,20.6,25.5,25.9,26.2,27.1,28.4,26.5,25.3,19.8,16.6,0.7,1.0,100.2,-{비}-{비}{강도0}0300-{비}{강도0}0600-{비}{강도0}0900-{비}{강도1}1200-{비}{강도1}1500-{비}{강도1}1800-{비}{강도0}2100-{비}{강도0}2400- {박무}0940-{박무}{강도0}1200-{박무}{강도1}1500-{박무}{강도2}1800-{박무}{강도0}2100-{박무}{강도0}2400-,
108,서울,2023-08-11,23.5,21.6,0001,24.9,1703,3.4,1116,13.6,1035,21.5,46.7,13.0,200,0701,6.2,200,0521,2.3,1983,200,22.2,83,2210,93.1,26.8,988.9,1002.1,2158,992.9,0001,998.6,13.8,0.0,1400,0.61,3.94,,,,,,10.0,7.9,23.5,21.7,23.9,24.1,23.8,24.6,26.5,26.7,26.0,20.2,16.6,0.9,1.3,27.8,-{박무}-0040. {박무}0125-{박무}{강도1}0300-{박무}{강도0}0600-0850. -{비}-{비}{강도0}0300-{비}{강도1}0600-{비}{강도0}0900-{비}{강도1}1200-{비}{강도0}1500-1730. {비}1910-{비}{강도0}2100-2255. {비}2345-{비}{강도0}2400-,
108,서울,2023-08-12,23.3,22.5,2247,24.1,0001,0.5,1524,1.2,1438,14.42,1.5,5.4,110,0749,3.2,160,0841,1.9,1611,50,21.7,82,1044,91.0,25.9,993.8,1004.8,2247,1001.7,0215,1003.5,13.7,0.1,1700,0.67,4.19,,,,,,8.9,6.6,23.9,20.9,24.6,24.8,24.2,24.6,26.0,26.3,26.6,22.1,16.7,1.1,1.6,1.3,-{비}-{비}{강도0}0300-{비}{강도0}0600-0630. {비}0705-0750. {비}0835-{비}{강도0}0900-{비}{강도0}1200-1205. {비}1330-{비}{강도0}1500-1710.,
108,서울,2023-08-13,27.0,22.6,0001,31.1,1745,,,,,,,5.6,110,1249,2.8,140,1209,1.7,1460,50,22.3,58,1641,76.9,26.9,994.5,1005.1,2339,1002.9,1743,1004.1,13.7,2.7,1200,2.8,17.49,,,,,,8.3,5.6,27.4,21.8,26.0,25.9,24.9,24.9,25.9,26.0,26.3,21.8,16.8,3.4,4.8,,,
108,서울,2023-08-14,28.1,24.8,0602,31.9,1425,,,,,,,6.4,250,1633,3.9,270,1822,1.6,1408,50,23.1,60,1445,75.4,28.3,995.6,1006.4,0919,1004.0,1733,1005.2,13.7,3.9,1200,2.23,13.71,,,,,,4.0,3.3,28.2,21.9,27.2,27.1,26.1,26.0,26.5,25.8,26.0,21.4,16.9,3.1,4.5,,{박무}0335-{박무}{강도0}0600-0650.,
108,서울,2023-08-15,28.6,24.7,0612,32.7,1503,,,,,,,7.1,290,1538,4.7,320,1654,2.3,1956,50,22.7,58,1512,71.4,27.7,994.6,1006.4,0747,1002.2,1748,1004.2,13.7,7.7,1400,3.05,21.84,,,,,,6.5,1.8,30.9,22.1,27.6,27.5,26.5,26.4,26.8,25.7,25.8,21.1,16.9,4.4,6.3,,,
108,서울,2023-08-16,27.3,24.7,0540,31.6,1352,0.3,1715,0.3,1710,0.92,0.3,6.5,250,1714,3.8,270,1714,2.1,1834,50,21.7,58,1253,72.0,26.0,993.7,1004.6,2319,1001.6,1622,1003.3,13.6,3.7,1200,3.37,15.46,,,,,,4.5,4.5,28.1,21.9,27.9,27.8,26.9,26.8,27.2,25.8,25.6,21.0,17.0,3.3,4.8,0.3,{소나기}1545-1610. {소나기}1710-1740.,
108,서울,2023-08-17,28.2,24.5,0615,32.4,1349,,,,,,,6.4,140,1118,3.2,140,1323,1.7,1426,270,22.6,52,1416,73.0,27.4,994.6,1005.5,2252,1002.9,1727,1004.2,13.6,6.2,1100,3.06,18.24,,,,,,4.6,3.9,29.8,21.2,27.7,28.0,27.0,26.8,27.3,25.8,25.6,20.9,17.0,3.8,5.5,,,
108,서울,2023-08-18,29.1,25.5,0547,33.3,1413,0.1,,0.1,,0.67,0.1,6.6,270,1550,3.9,270,1558,1.9,1677,50,23.3,56,1423,72.1,28.7,996.3,1007.7,2356,1004.6,1514,1005.9,13.5,7.3,1100,3.01,19.56,,,,,,3.1,3.1,32.1,22.9,28.2,28.5,27.4,27.2,27.5,25.9,25.5,20.8,17.0,4.1,5.8,0.1,{소나기}1610-1635. {소나기}1940-1955.,
108,서울,2023-08-19,29.1,26.4,0620,33.6,1528,,,,,,,7.0,250,1745,4.1,270,1718,1.9,1681,250,22.5,54,1521,68.9,27.3,999.5,1010.9,2349,1007.7,0001,1009.1,13.5,9.1,1100,2.96,21.24,,,,,,3.9,2.9,32.8,23.0,28.2,28.9,27.9,27.6,27.8,26.0,25.5,20.8,17.1,4.4,6.2,,,
108,서울,2023-08-20,28.3,25.5,0459,31.8,1348,0.0,,0.0,,1.83,0.0,6.1,160,1335,3.1,180,1342,1.6,1341,270,22.5,56,1521,71.8,27.3,1000.8,1011.8,0850,1009.1,1753,1010.5,13.5,3.6,1300,2.92,15.87,,,,,,7.3,4.3,31.3,22.3,28.2,28.6,27.7,27.6,27.9,26.1,25.5,20.8,17.1,3.6,5.1,0.0,{비}0920-1110.,
108,서울,2023-08-21,29.5,26.0,0614,33.6,1402,0.0,,0.0,,1.17,0.0,10.1,200,1526,5.4,200,1533,2.4,2053,200,23.2,55,1253,69.8,28.5,997.1,1010.3,0001,1004.6,1721,1006.7,13.4,6.4,1100,2.75,19.04,,,,,,6.6,3.5,32.6,22.8,28.8,28.8,27.8,27.6,27.9,26.1,25.5,20.8,17.1,4.2,6.0,0.3,{비}0340-0410. {비}0505-0520. {소나기}1515-1540.,
108,서울,2023-08-22,27.6,25.8,2220,32.2,1356,21.5,1703,29.0,1703,7.75,42.6,11.7,140,1454,7.2,160,1458,2.4,2092,160,23.8,61,1343,80.3,29.4,993.8,1005.5,0001,1001.3,1438,1003.3,13.4,1.3,1300,2.58,10.5,,,,,,9.0,7.4,28.1,24.2,27.6,28.5,27.6,27.6,28.1,26.2,25.5,20.8,17.2,2.4,3.4,42.4,{비}0415-0440. {비}0845-{비}{강도0}0900-1120. {비}1450-{비}{강도0}1500-1555. {비}1635-{비}{강도2}1800-1830. {비}2010-2030. {비}2105-2230.,
108,서울,2023-08-23,24.8,23.2,2400,27.2,0932,9.7,1200,15.6,1154,17.58,41.8,7.6,250,1227,4.4,250,1111,2.2,1912,50,23.2,80,0954,91.3,28.5,995.2,1006.7,2140,1003.3,0143,1004.9,13.4,0.1,0900,0.61,3.33,,,,,,9.6,7.3,25.8,23.0,25.6,27.0,26.6,27.0,27.9,26.3,25.6,20.8,17.2,1.0,1.4,46.9,{비}0050-0220. {비}0255-{비}{강도0}0300-0440. {비}0520-{비}{강도0}0600-0740. {비}0855-{비}{강도0}0900-0905. {비}1005-{비}{강도1}1200-{시정(미만)}{1km}{비}1204-{시정(미만)}{0.5km}{비}1208-{시정(이상)}{0.5km}{비}1216-{시정(이상)}{1km}{비}1217-{시정(미만)}{1km}{비}1444-{시정(이상)}{1km}{비}1450-{비}{강도1}1500-{비}{강도0}1800-1820. {비}1930-{비}{강도0}2100-2305.,
108,서울,2023-08-24,25.1,22.3,0434,27.8,1419,1.2,346,4.3,336,4.33,5.2,7.5,50,1501,4.1,50,1505,2.8,2431,50,22.2,75,1413,84.8,26.8,996.0,1006.7,1024,1004.6,1640,1005.6,13.3,1.5,1300,2.32,12.56,,,,,,9.0,6.4,27.4,22.3,25.9,26.4,25.8,26.2,27.3,26.5,26.1,21.5,17.2,2.4,3.5,0.0,{비}0310-{비}{강도0}0600-0710. {비}1450-{비}{강도0}1500-1510.,
108,서울,2023-08-25,26.5,24.0,0555,30.0,1618,0.0,,0.0,,0.17,0.0,8.3,270,1407,4.7,270,1440,2.6,2245,270,22.1,60,1621,77.9,26.6,997.2,1009.0,2357,1004.9,0116,1006.9,13.3,8.3,1300,2.92,20.42,,,,,,5.0,5.0,29.3,21.3,26.9,27.4,26.5,26.5,27.3,26.4,26.2,21.7,17.3,4.2,6.0,,{비}0335-0345.,
108,서울,2023-08-26,26.4,23.3,0636,30.3,1545,,,,,,,6.8,290,1616,4.0,270,1605,1.8,1579,290,20.7,49,1317,72.3,24.4,999.3,1010.1,0623,1007.6,1625,1009.0,13.2,7.3,1200,2.73,19.84,,,,,,6.4,1.8,29.3,19.5,27.1,27.5,26.7,26.7,27.4,26.3,26.1,21.6,17.3,4.0,5.7,,{박무}0525-{박무}{강도0}0600-0635.,
108,서울,2023-08-27,26.1,22.7,0505,29.6,1613,0.0,,0.0,,5.67,0.0,5.4,50,2342,3.2,50,2342,1.8,1573,50,21.2,62,1620,75.0,25.2,998.4,1009.2,0810,1006.8,1440,1008.1,13.2,1.2,1000,1.47,12.0,,,,,,8.9,1.8,27.0,19.4,26.4,27.0,26.5,26.7,27.4,26.3,26.0,21.4,17.4,2.4,3.4,6.1,{비}1805-{비}{강도0}2100-2255. {비}2310-{비}{강도0}2400-,
108,서울,2023-08-28,22.7,20.8,0853,25.6,0001,0.7,801,2.9,722,20.67,10.4,9.4,50,1830,5.1,50,1832,3.3,2892,50,20.5,73,0035,87.5,24.1,997.0,1009.4,0950,1004.4,1824,1006.8,13.2,0.0,1200,0.61,3.99,,,,,,10.0,5.5,23.1,20.8,25.0,25.8,25.6,26.1,27.2,26.2,25.9,21.3,17.4,1.2,1.7,7.0,-{비}-{비}{강도0}0300-{비}{강도0}0600-{비}{강도0}0900-{비}{강도0}1200-1450. {비}1510-1525. {비}1710-{비}{강도0}1800-1850. {비}1930-{비}{강도0}2100-2150. {비}2225-{비}{강도0}2400-,
108,서울,2023-08-29,23.9,22.5,2034,25.5,1029,7.0,1131,27.2,1058,16.92,54.8,9.6,110,0901,3.9,110,0902,2.1,1855,250,22.0,80,0624,89.6,26.5,995.2,1008.2,2337,1002.9,1235,1004.9,13.1,0.0,1500,0.55,2.87,,,,,,9.4,6.9,24.3,21.6,24.2,25.0,24.7,25.2,26.6,26.1,25.9,21.3,17.5,0.7,1.1,52.4,-{비}-0115. {비}0205-{비}{강도0}0300-0505. {비}0635-{비}{강도0}0900-{시정(미만)}{1km}{비}1120-{시정(미만)}{0.5km}{비}1136-{시정(이상)}{0.5km}{비}1156-{비}{강도2}1200-{시정(이상)}{1km}{비}1203-{시정(미만)}{1km}{비}1222-{시정(미만)}{0.5km}{비}1229-{시정(이상)}{0.5km}{비}1233-{시정(이상)}{1km}{비}1238-{시정(미만)}{1km}{비}1257-{시정(이상)}{1km}{비}1304-{비}{강도0}1500-{비}{강도0}1800-1915.,
108,서울,2023-08-30,22.8,21.5,2353,24.5,1230,1.4,1618,2.3,1616,10.42,3.5,3.5,160,2106,2.4,180,2307,1.1,978,200,20.7,75,1220,88.0,24.4,999.0,1009.9,2347,1007.8,1453,1008.8,13.1,0.0,1100,1.09,4.42,,,,,,9.8,5.4,23.5,20.6,24.2,24.8,24.4,24.8,26.1,26.1,26.2,22.3,17.5,1.0,1.5,3.2,{비}0510-0535. {비}0715-{비}{강도0}0900-0935. {비}1010-1025. {비}1250-{비}{강도0}1500-{비}{강도0}1800-1925. {무지개}1850-1915. {박무}2040-{박무}{강도0}2100-2230. {비}2135-2225.,
108,서울,2023-08-31,23.9,21.0,0547,28.9,1534,,,,,,,5.8,290,1642,3.5,290,1651,1.3,1142,320,19.2,48,1522,76.9,22.3,1000.4,1011.5,2221,1009.1,1508,1010.2,13.1,7.0,1300,3.23,18.53,,,,,,6.0,2.9,26.0,17.6,25.3,25.2,24.6,24.8,25.9,25.9,26.1,22.2,17.6,3.8,5.4,,{박무}0350-{박무}{강도0}0600-0830.,
108,서울,2023-09-01,24.5,19.7,0610,29.6,1543,,,,,,,6.4,340,1340,3.7,270,1158,2.0,1705,270,18.3,42,1403,70.6,21.0,1001.8,1012.6,0926,1010.1,1551,1011.6,13.0,12.1,1300,3.17,24.59,,,,,,0.5,0.1,26.8,15.2,25.4,25.3,24.7,24.9,25.9,25.7,25.9,22.0,17.6,5.1,7.2,,,
108,서울,2023-09-02,25.4,19.7,0639,30.8,1536,,,,,,,5.6,320,1514,3.7,20,1522,1.6,1425,50,17.5,39,1557,63.9,20.0,1001.5,1012.5,0701,1009.6,1503,1011.2,13.0,11.3,1200,3.39,23.72,,,,,,4.6,0.6,28.1,14.3,25.6,25.6,25.0,25.2,25.9,25.6,25.8,21.8,17.7,4.7,6.7,0.1,,
108,서울,2023-09-03,25.8,23.1,0749,28.8,1414,0.1,,0.1,,2.75,0.1,5.9,360,1331,3.3,50,1445,2.2,1888,50,21.5,67,0001,77.8,25.7,1002.1,1013.0,0941,1010.6,1546,1011.8,12.9,1.9,1200,2.91,12.19,,,,,,8.1,4.3,26.3,20.3,26.2,26.1,25.4,25.4,26.0,25.5,25.7,21.7,17.7,2.5,3.6,0.3,{비}0310-0335. {비}0405-0410. {비}0715-{비}{강도0}0900-0930.,
108,서울,2023-09-04,27.0,24.3,0625,30.2,1607,0.1,,0.2,,2.5,0.3,5.5,290,1828,3.5,290,1829,1.8,1538,50,23.1,65,1616,79.9,28.3,1001.9,1012.9,0949,1010.5,1751,1011.6,12.9,0.7,1200,1.67,10.24,,,,,,9.1,5.1,27.5,22.5,26.8,26.6,25.8,25.7,26.2,25.5,25.6,21.6,17.8,2.2,3.2,0.0,{비}0055-0110. {비}0305-0520.,
108,서울,2023-09-05,28.5,25.0,0707,32.8,1440,0.0,,0.0,,0.17,0.0,6.3,70,1057,3.9,320,1833,1.8,1515,290,22.1,54,1450,69.5,26.6,1001.2,1012.6,0929,1009.0,1634,1010.9,12.9,7.0,1100,2.98,19.14,,,,,,6.4,5.4,30.1,22.4,27.6,27.4,26.4,26.2,26.5,25.5,25.5,21.6,17.8,4.1,5.8,,{비}0245-0255.,
108,서울,2023-09-06,27.9,24.0,0635,32.1,1550,,,,,,,8.2,70,2012,4.4,50,2033,2.4,2087,50,20.3,45,1607,65.1,23.9,1001.7,1013.8,2358,1009.8,1612,1011.4,12.8,11.3,1300,3.13,22.64,,,,,,1.1,1.1,31.7,20.0,27.7,27.6,26.7,26.6,26.8,25.5,25.5,21.6,17.8,5.1,7.4,,,
108,서울,2023-09-07,26.3,20.9,0643,31.6,1501,,,,,,,8.0,70,1541,4.4,50,0012,2.5,2151,50,15.9,37,1425,54.8,18.1,1004.4,1015.7,0953,1012.7,1741,1014.1,12.8,12.1,1200,3.27,24.56,,,,,,0.0,0.0,30.5,14.9,26.8,26.9,26.4,26.4,26.8,25.6,25.4,21.5,17.9,6.0,8.5,,,
108,서울,2023-09-08,25.3,19.6,0622,30.5,1432,,,,,,,7.1,340,1519,4.5,340,1651,2.3,2017,50,16.7,42,1434,60.3,19.1,1002.8,1015.0,0710,1010.3,1717,1012.6,12.7,12.0,1200,3.22,24.13,,,,,,0.4,0.0,30.1,12.8,26.2,26.2,25.8,26.0,26.6,25.6,25.4,21.5,17.9,5.3,7.5,,,
108,서울,2023-09-09,25.8,20.8,0627,31.2,1555,,,,,,,6.3,270,1805,4.1,270,1810,1.8,1515,270,18.6,45,1604,66.3,21.5,1000.6,1011.6,0906,1008.3,1604,1010.3,12.7,10.9,1200,3.13,22.64,,,,,,3.3,2.0,30.5,15.1,26.5,26.3,25.7,25.9,26.4,25.6,25.4,21.5,17.9,4.5,6.4,,,
108,서울,2023-09-10,25.7,22.0,0616,29.6,1445,,,,,,,6.2,290,1700,3.4,290,1704,1.6,1373,290,19.2,53,1547,68.1,22.2,999.8,1010.8,0847,1007.9,1559,1009.4,12.7,5.7,1000,2.27,14.57,,,,,,6.1,1.4,29.6,16.7,26.3,26.3,25.7,25.8,26.4,25.6,25.4,21.5,18.0,3.0,4.3,,,
108,서울,2023-09-11,25.5,23.1,0617,29.8,1533,,,,,,,5.8,250,1806,3.8,270,1450,1.9,1606,270,18.7,50,1606,67.3,21.6,999.2,1010.6,2345,1007.0,1537,1008.8,12.6,5.1,1000,2.41,14.79,,,,,,6.5,3.3,28.7,18.9,26.0,26.1,25.6,25.8,26.3,25.5,25.4,21.5,18.0,3.4,4.8,,,
108,서울,2023-09-12,25.7,21.7,0642,29.8,1419,,,,,,,5.4,320,2058,3.4,320,2101,1.5,1254,290,19.5,55,1153,69.8,22.6,1000.3,1011.3,0635,1008.4,1552,1010.0,12.6,3.5,1300,1.99,12.52,,,,,,7.4,2.4,28.9,15.3,25.7,25.9,25.3,25.5,26.2,25.5,25.4,21.5,18.0,2.6,3.7,0.0,,
108,서울,2023-09-13,22.1,19.6,2112,24.6,0001,0.8,1635,2.9,1556,15.75,15.9,7.7,50,2012,4.2,50,2021,1.8,1554,50,19.3,70,1152,84.5,22.3,1001.6,1012.8,1115,1010.4,0119,1011.4,12.5,0.0,1300,0.5,3.35,,,,,,9.9,7.0,22.7,18.7,24.6,25.1,24.9,25.3,26.1,25.4,25.4,21.5,18.1,1.0,1.5,15.9,{비}0555-{비}{강도0}0600-{비}{강도0}0900-{비}{강도0}1200-{비}{강도0}1500-{비}{강도0}1800-{비}{강도0}2100-2140. {박무}1550-{박무}{강도0}1800-1915.,
108,서울,2023-09-14,23.4,19.2,0610,27.2,1148,,,,,,,9.3,50,1206,4.1,50,1215,2.4,2084,70,17.9,60,1201,72.4,20.5,1002.8,1014.7,2351,1010.4,0354,1012.6,12.5,4.2,1100,2.76,13.7,,,,,,7.6,4.0,24.0,16.1,24.0,24.2,23.9,24.4,25.6,25.4,25.4,21.5,18.1,3.0,4.3,1.9,,
108,서울,2023-09-15,22.3,20.3,0709,24.3,1544,0.4,543,0.9,705,12.17,2.1,7.6,50,0921,3.9,50,0018,2.6,2242,50,19.0,67,0125,82.3,22.1,1003.5,1015.0,1017,1011.8,1838,1013.3,12.5,0.1,1400,0.82,5.35,,,,,,9.8,6.9,22.6,18.9,23.7,24.1,23.8,24.3,25.4,25.3,25.3,21.5,18.1,1.3,1.9,0.5,{비}0215-{비}{강도0}0300-0320. {비}0515-{비}{강도0}0600-{비}{강도0}0900-{비}{강도0}1200-1415. {비}1510-1520. {비}2205-{비}{강도0}2400-,
108,서울,2023-09-16,23.9,22.0,0233,26.6,1442,8.1,2131,28.0,2101,9.75,38.7,4.5,50,1331,2.6,50,1223,1.7,1462,50,21.7,76,1449,87.8,25.9,1001.6,1012.9,0001,1009.1,1901,1011.4,12.4,0.1,1200,1.12,6.3,,,,,,9.9,6.8,24.7,21.1,24.4,24.6,24.0,24.2,25.3,25.1,25.3,21.5,18.2,1.3,1.8,41.4,-{비}-0150. {비}0330-0410. {비}1405-1410. {비}1650-{비}{강도0}1800-{비}{강도0}2100-{시정(미만)}{1km}{비}2129-{시정(미만)}{0.5km}{비}2133-{시정(이상)}{0.5km}{비}2148-{시정(이상)}{1km}{비}2202-{시정(미만)}{1km}{비}2347-{시정(이상)}{1km}{비}2358-{비}{강도1}2400-,
108,서울,2023-09-17,24.7,22.0,0416,28.0,1524,1.8,1,11.4,-2331,2.08,3.0,5.5,320,1515,3.3,290,1438,1.4,1225,270,21.8,68,1643,84.8,26.1,1000.1,1011.0,1040,1008.3,1543,1009.8,12.4,3.3,1400,1.92,12.49,,,,,,8.0,4.5,26.3,20.0,24.8,24.8,24.2,24.3,25.2,25.0,25.2,21.5,18.2,2.4,3.4,,-{비}-0125. {비}0250-{비}{강도0}0300-0330.,
108,서울,2023-09-18,24.7,22.1,0616,28.9,1238,,,,,,,7.7,290,1328,5.0,290,1747,1.9,1667,270,20.6,58,1632,79.1,24.3,1002.0,1013.2,2357,1010.4,1522,1011.7,12.4,4.9,1100,2.97,13.83,,,,,,3.8,3.5,25.0,18.0,25.3,25.3,24.7,24.7,25.4,25.0,25.2,21.5,18.2,2.8,4.0,,{박무}0650-0730.,
108,서울,2023-09-19,24.1,21.6,0555,27.2,1317,,,,,,,5.5,270,1624,3.6,270,1606,1.6,1415,270,20.5,62,1347,81.1,24.2,1003.6,1014.5,0803,1012.2,1443,1013.4,12.3,1.3,1200,1.73,8.98,,,,,,8.6,7.4,24.5,16.3,25.0,24.9,24.4,24.6,25.5,24.9,25.1,21.5,18.3,1.9,2.7,2.6,{박무}0545-{박무}{강도0}0600-0610.,
108,서울,2023-09-20,20.6,18.8,2351,23.9,0001,2.4,1540,9.6,1536,18.83,35.8,9.9,20,1606,5.1,50,1705,2.7,2356,50,18.8,80,2356,90.4,21.8,1000.5,1014.0,0001,1007.4,1951,1010.4,12.3,0.0,1100,0.44,2.53,,,,,,9.4,5.8,21.6,17.2,23.7,23.9,23.8,24.3,25.4,24.9,25.1,21.6,18.3,1.1,1.6,33.2,{박무}0050-0150. {비}0155-{비}{강도0}0300-{비}{강도0}0600-{비}{강도0}0900-{비}{강도0}1200-{비}{강도1}1500-{비}{강도0}1800-1945. {박무}0310-0450. {박무}0610-{박무}{강도0}0900-{박무}{강도0}1200-{박무}{강도1}1500-{박무}{강도1}1800-1835. {무지개}1830-1835. {비}2210-2245. {비}2325-2350.,
108,서울,2023-09-21,20.1,17.5,2349,23.6,1442,0.0,,0.0,,0.83,0.0,10.6,20,0111,5.2,50,0112,2.3,1994,50,14.5,53,1223,70.9,16.5,1001.5,1014.3,2355,1008.0,0116,1011.4,12.2,2.4,1100,2.41,13.28,,,,,,7.1,4.3,21.6,10.9,22.6,22.7,22.6,23.2,24.7,24.9,25.1,21.6,18.3,2.4,3.4,,{비}0440-0530.,
108,서울,2023-09-22,20.5,15.2,0626,26.7,1511,,,,,,,5.6,320,1601,3.3,290,1549,1.7,1471,20,13.7,37,1708,68.4,15.8,1005.6,1017.4,2257,1013.7,1503,1015.5,12.2,10.4,1300,2.91,20.37,,,,,,2.0,0.9,21.8,9.9,22.2,22.3,22.2,22.9,24.2,24.7,25.1,21.8,18.4,4.0,5.7,,,
108,서울,2023-09-23,21.8,16.3,0643,27.6,1418,,,,,,,9.4,20,1936,4.6,50,1932,2.5,2150,50,14.1,38,1351,63.9,16.1,1009.4,1021.5,2244,1017.0,0001,1019.4,12.2,10.9,1200,2.9,19.69,,,,,,4.6,1.1,22.5,12.0,22.5,22.5,22.3,22.8,23.9,24.5,25.0,21.8,18.4,4.6,6.5,,{햇무리}0950-1530.,
108,서울,2023-09-24,21.8,17.9,0635,26.2,1440,,,,,,,8.4,70,1013,4.7,50,0907,2.9,2535,70,12.3,37,1420,56.4,14.3,1009.5,1021.7,0809,1017.3,1645,1019.4,12.1,9.0,1200,3.03,19.16,,,,,,5.4,2.0,23.2,13.9,22.6,22.6,22.3,22.8,23.8,24.3,24.9,21.8,18.4,4.3,6.1,0.3,{햇무리}1330-1605.,
108,서울,2023-09-25,21.6,17.9,0450,26.0,1327,0.3,2041,1.0,2222,8.08,1.9,6.2,50,0825,3.4,70,0836,2.3,1992,50,14.8,49,1330,66.4,16.9,1006.0,1018.3,0036,1013.8,1802,1015.9,12.1,1.3,1200,2.34,11.15,,,,,,9.6,8.6,22.1,15.6,22.6,22.6,22.3,22.7,23.7,24.1,24.8,21.7,18.4,2.2,3.2,17.7,{비}0115-{비}{강도0}0300-0510. {비}1810-1835. {비}2015-{비}{강도0}2100-{비}{강도0}2400-,
108,서울,2023-09-26,19.9,18.6,0510,20.8,1355,1.8,208,6.1,204,24.0,27.8,5.7,90,0046,3.5,90,0051,2.4,2054,50,19.2,87,0001,95.8,22.3,1002.4,1015.0,0001,1010.8,1528,1012.3,12.0,0.0,1300,0.41,2.33,,,,,,10.0,8.3,20.3,18.3,21.1,22.0,21.8,22.4,23.6,24.0,24.7,21.7,18.5,0.6,0.9,15.8,-{비}-{비}{강도1}0300-{비}{강도0}0600-{비}{강도0}0900-{비}{강도0}1200-{비}{강도0}1500-{비}{강도0}1800-{비}{강도0}2100-{비}{강도0}2400-,
108,서울,2023-09-27,21.5,20.0,0632,23.7,1433,0.4,424,1.4,344,11.75,4.4,5.6,250,1905,3.1,250,1902,1.8,1548,50,19.8,81,1428,90.1,23.1,1000.7,1011.8,2120,1009.4,1425,1010.6,12.0,0.1,1200,1.17,6.65,,,,,,9.1,8.0,22.6,18.4,21.9,22.3,21.8,22.2,23.3,23.8,24.6,21.7,18.5,1.4,2.0,0.3,-{비}-{비}{강도0}0300-{비}{강도0}0600-{비}{강도0}0900-1145. {박무}0350-{박무}{강도0}0600-0640. {박무}0845-{박무}{강도1}0900-1135.,
108,서울,2023-09-28,22.7,19.6,0634,27.3,1422,,,,,,,7.2,290,1405,3.7,250,1600,2.0,1724,270,18.4,54,1536,78.3,21.2,1003.2,1014.5,2140,1011.2,0113,1013.1,12.0,8.4,1300,2.51,17.06,,,,,,5.0,4.0,24.3,15.9,22.8,22.9,22.3,22.5,23.4,23.7,24.5,21.7,18.5,3.2,4.5,,{박무}0505-{박무}{강도0}0600-0850. {연무}1715-{연무}{강도0}1800-2030. {박무}2025-{박무}{강도1}2100-{박무}{강도1}2400-,
108,서울,2023-09-29,21.1,17.4,0634,26.9,1444,,,,,,,6.4,200,1512,3.9,250,1741,1.4,1214,270,12.9,33,1516,61.5,14.9,1003.7,1016.2,0947,1011.4,2352,1013.6,11.9,5.5,1200,2.91,16.39,,,,,,7.1,5.0,22.3,14.4,22.5,22.8,22.4,22.7,23.6,23.6,24.3,21.8,18.6,3.7,5.2,0.3,-{박무}-0235.,
108,서울,2023-09-30,19.7,17.1,2359,22.2,1659,2.9,1400,4.2,1333,6.83,4.5,9.9,250,1707,5.1,200,1557,2.2,1910,200,15.5,64,0353,77.0,17.7,1000.5,1012.1,0112,1008.0,1616,1010.4,11.9,1.6,1500,1.31,7.45,,,,,,6.1,4.6,21.0,10.8,21.7,22.0,21.9,22.4,23.5,23.5,24.3,21.8,18.6,1.7,2.5,4.2,{비}0105-{비}{강도0}0300-0405. {비}1045-{비}{강도0}1200-1435.,
